datetime,agent_type,pid,transaction_id,execution_time
2025-11-06 22:24:00.947,eta_agent,7761,11017739576743,75.403
2025-11-06 22:24:21.969,eta_agent,8109,11017739576806,81.274
2025-11-06 22:24:52.827,eta_agent,7765,11017739585841,89.06
2025-11-06 22:24:52.949,eta_agent,7844,11017739585845,89.087
2025-11-06 22:24:55.086,eta_agent,7985,11017739585842,91.333
2025-11-06 22:24:56.168,eta_agent,7850,11017739580373,78.871
2025-11-06 22:25:01.631,eta_agent,7852,11017739585836,97.909
2025-11-06 22:25:04.542,eta_agent,8098,11017739576935,92.686
2025-11-06 22:25:06.621,eta_agent,7692,11017739576896,102.766
2025-11-06 22:25:06.828,eta_agent,8097,11017739576894,103.067
2025-11-06 22:25:17.486,eta_agent,7766,11017739585838,113.754
2025-11-06 22:25:19.082,eta_agent,7865,11017739585840,115.341
2025-11-06 22:25:27.583,eta_agent,7860,11017739576934,115.895
2025-11-06 22:25:37.344,eta_agent,7964,11017739573871,86.422
2025-11-06 22:25:37.871,eta_agent,7861,11017739577143,71.844
2025-11-06 22:34:44.198,eta_agent,7763,11017739582204,76.502
2025-11-06 22:34:46.371,eta_agent,7765,11017739582206,78.441
2025-11-06 22:34:49.595,eta_agent,7962,11017739595164,81.901
2025-11-06 22:38:32.710,eta_agent,7844,11017739582952,80.834
2025-11-06 22:43:42.027,eta_agent,8084,11017739599319,71.946
2025-11-06 22:54:37.143,eta_agent,7768,11017739614179,87.576
2025-11-06 22:54:45.877,eta_agent,8023,11017739604189,74.668
2025-11-06 22:54:55.411,eta_agent,7694,11017739616312,77.639
2025-11-06 22:55:00.374,eta_agent,7793,11017739614416,81.119
2025-11-06 22:55:00.779,eta_agent,8097,11017739604187,89.837
2025-11-06 22:55:29.818,eta_agent,7963,11017739614683,74.171
2025-11-06 22:55:29.992,eta_agent,7695,11017739614686,74.333
2025-11-06 22:55:30.134,eta_agent,7843,11017739604362,74.461
2025-11-06 22:55:30.643,eta_agent,7852,11017739614682,74.997
2025-11-06 22:55:44.076,eta_agent,7763,11017739614688,88.38
2025-11-06 22:55:55.172,eta_agent,7961,11017739608888,84.074
2025-11-06 23:04:20.111,eta_agent,8109,11017739623555,81.216
2025-11-06 23:04:35.171,eta_agent,8084,11017739618129,96.265
2025-11-06 23:04:35.569,eta_agent,7693,11017739631661,96.697
2025-11-06 23:04:35.645,eta_agent,7773,11017739631662,96.786
2025-11-06 23:04:35.941,eta_agent,7850,11017739623556,97.034
2025-11-06 23:04:43.702,eta_agent,8087,11017739623549,104.868
2025-11-06 23:04:44.339,eta_agent,7844,11017739626506,88.758
2025-11-06 23:04:46.581,eta_agent,8088,11017739618236,78.315
2025-11-06 23:06:40.066,eta_agent,7760,11017739618638,74.341
2025-11-06 23:06:57.341,eta_agent,7977,11017739632599,76.14
2025-11-06 23:07:10.848,eta_agent,7985,11017739624960,73.491
2025-11-06 23:07:49.878,eta_agent,7772,11017739632894,82.296
2025-11-06 23:07:56.563,eta_agent,7964,11017739632893,88.992
2025-11-06 23:08:09.671,eta_agent,8088,11017739635409,80.853
2025-11-06 23:08:32.734,eta_agent,7769,11017739635631,73.434
2025-11-06 23:08:34.629,eta_agent,7761,11017739633223,71.425
2025-11-06 23:09:01.105,eta_agent,7773,11017739627645,80.677
